{
  "LogReg_no_class_weight": {
    "accuracy": 0.7657430730478589,
    "f1": 0.3267838676318511,
    "roc_auc": 0.736841878094689
  },
  "LogReg_balanced": {
    "accuracy": 0.6913458078445484,
    "f1": 0.5055483499063266,
    "roc_auc": 0.7367584459311456
  }
}