{
  "n_components_selected": 16,
  "explained_variance_total": 0.9524049660339932,
  "first_10_component_variance": [
    0.36698147080030546,
    0.25390680431730733,
    0.12383020502889296,
    0.12281365646600187,
    0.01156034891942138,
    0.00824736625456255,
    0.0073858167977380925,
    0.006962277873111839,
    0.006829995275750913,
    0.006782096650588721
  ],
  "first_10_cumulative_variance": [
    0.36698147080030546,
    0.6208882751176128,
    0.7447184801465058,
    0.8675321366125076,
    0.879092485531929,
    0.8873398517864916,
    0.8947256685842296,
    0.9016879464573415,
    0.9085179417330924,
    0.9153000383836811
  ]
}